time;response;result
2023-02-27 00:03:59.622035;5125533d633ac792825db705d91fffd7;ok
2023-02-27 00:04:09.243655;66eec6bc0ddfe3cf8ddad7021575856e;fail
2023-02-27 00:04:18.870205;5125533d633ac792825db705d91fffd7;ok
2023-02-27 00:04:28.500181;5125533d633ac792825db705d91fffd7;ok
2023-02-27 00:04:38.130237;5125533d633ac792825db705d91fffd7;ok
2023-02-27 00:04:47.775196;5125533d633ac792825db705d91fffd7;ok
2023-02-27 00:04:57.411060;5125533d633ac792825db705d91fffd7;ok
2023-02-27 00:05:07.041526;5125533d633ac792825db705d91fffd7;ok
2023-02-27 00:05:16.682297;5125533d633ac792825db705d91fffd7;ok
2023-02-27 00:05:26.311117;5125533d633ac792825db705d91fffd7;ok
2023-02-27 00:05:35.930963;5125533d633ac792825db705d91fffd7;ok
2023-02-27 00:05:45.558061;5125533d633ac792825db705d91fffd7;ok
2023-02-27 00:05:55.187884;5125533d633ac792825db705d91fffd7;ok
2023-02-27 00:06:04.822192;5125533d633ac792825db705d91fffd7;ok
2023-02-27 00:06:14.446012;5125533d633ac792825db705d91fffd7;ok
2023-02-27 00:06:24.075366;5125533d633ac792825db705d91fffd7;ok
2023-02-27 00:06:33.720495;5125533d633ac792825db705d91fffd7;ok
2023-02-27 00:06:43.354913;5125533d633ac792825db705d91fffd7;ok
2023-02-27 00:06:52.975389;66eec6bc0ddfe3cf8ddad7021575856e;fail
2023-02-27 00:07:02.595330;5125533d633ac792825db705d91fffd7;ok
2023-02-27 00:07:12.243480;66eec6bc0ddfe3cf8ddad7021575856e;fail
2023-02-27 00:07:21.884385;5125533d633ac792825db705d91fffd7;ok
2023-02-27 00:07:31.528770;5125533d633ac792825db705d91fffd7;ok
2023-02-27 00:07:41.146464;5125533d633ac792825db705d91fffd7;ok
2023-02-27 00:07:50.767966;5125533d633ac792825db705d91fffd7;ok
2023-02-27 00:08:00.398281;66eec6bc0ddfe3cf8ddad7021575856e;fail
2023-02-27 00:08:10.033680;5125533d633ac792825db705d91fffd7;ok
2023-02-27 00:08:19.668244;5125533d633ac792825db705d91fffd7;ok
2023-02-27 00:08:29.289716;5125533d633ac792825db705d91fffd7;ok
2023-02-27 00:08:38.920986;5125533d633ac792825db705d91fffd7;ok
2023-02-27 00:08:48.556072;5125533d633ac792825db705d91fffd7;ok
2023-02-27 00:08:58.182484;5125533d633ac792825db705d91fffd7;ok
2023-02-27 00:09:07.808139;5125533d633ac792825db705d91fffd7;ok
2023-02-27 00:09:17.451815;5125533d633ac792825db705d91fffd7;ok
