time;response;expected;result
time;response;expected;result
2023-02-26 23:21:16.130546;5125533d633ac792825db705d91fffd7;5125533d633ac792825db705d91fffd7;ok
2023-02-26 23:21:46.176695;5125533d633ac792825db705d91fffd7;5125533d633ac792825db705d91fffd7;ok
2023-02-26 23:22:16.225207;5125533d633ac792825db705d91fffd7;5125533d633ac792825db705d91fffd7;ok
2023-02-26 23:22:46.278092;5125533d633ac792825db705d91fffd7;5125533d633ac792825db705d91fffd7;ok
time;response;expected;result
2023-02-26 23:33:05.237732;5125533d633ac792825db705d91fffd7;66eec6bc0ddfe3cf8ddad7021575856e;fail
time;response;expected;result
2023-02-26 23:36:46.800992;5125533d633ac792825db705d91fffd7;5125533d633ac792825db705d91fffd7;ok
time;response;expected;result
2023-02-26 23:39:53.455498;5125533d633ac792825db705d91fffd7;5125533d633ac792825db705d91fffd7;ok
